text,–ù—Ä–∞–≤–∏—Ç—Å—è —Å–∫–æ—Ä–æ—Å—Ç—å –æ—Ç—Ä–∞–±–æ—Ç–∫–∏ –∑–∞—è–≤–æ–∫,–ù—Ä–∞–≤–∏—Ç—Å—è –∫–∞—á–µ—Å—Ç–≤–æ –≤—ã–ø–æ–ª–Ω–µ–Ω–∏—è –∑–∞—è–≤–∫–∏,–ù—Ä–∞–≤–∏—Ç—Å—è –∫–∞—á–µ—Å—Ç–≤–æ —Ä–∞–±–æ—Ç—ã —Å–æ—Ç—Ä—É–¥–Ω–∏–∫–æ–≤,–ü–æ–Ω—Ä–∞–≤–∏–ª–æ—Å—å –≤—ã–ø–æ–ª–Ω–µ–Ω–∏–µ –∑–∞—è–≤–∫–∏,–í–æ–ø—Ä–æ—Å —Ä–µ—à–µ–Ω
—Å–ø–∞—Å–∏–±–æ,0,0,0,1,0
—Å–ø–∞—Å–∏–±–æ!,0,0,0,1,0
–û—Ç–ª–∏—á–Ω–æ ,0,0,0,1,0
–ë–ª–∞–≥–æ–¥–∞—Ä—é –∑–∞ –æ–ø–µ—Ä–∞—Ç–∏–≤–Ω–æ–µ —Ä–µ—à–µ–Ω–∏–µ –ø—Ä–æ–±–ª–µ–º—ã ! ,0,1,0,0,0
–ü—Ä–µ–∫—Ä–∞—Å–Ω—ã–π —Å–ø–µ—Ü–∏–∞–ª–∏—Å—Ç! –ü–æ–±–æ–ª—å—à–µ —Ç–∞–∫–∏—Ö,0,0,1,0,0
–°–ø–∞—Å–∏–±–æ ,0,0,0,1,0
"–ø–µ—Ä–µ—Å—á–µ—Ç, –∏ —Å–∫–æ—Ä–æ—Å—Ç—å 
",1,0,0,0,0
–°–ø–∞—Å–∏–±–æ –∑–∞ –æ–±–Ω–æ–≤–ª–µ–Ω–∏–µ –ø–æ–∫—Ä–∞—Å–∫–∏ —Å—Ç–µ–Ω,0,0,0,1,0
–≤—ã–ø–æ–ª–Ω–∏–ª–∏ –±—ã—Å—Ç—Ä–æ,1,0,0,0,0
–°–ø–∞—Å–∏–±–æ! ,0,0,0,1,0
—Å–ø–∞—Å–∏–±–æ —É–ø—Ä–∞–≤–ª—è—é—â–µ–π –∫–æ–º–ø–∞–Ω–∏–∏ –∑–∞ —Ç–æ —á—Ç–æ  –ø—Ä–∏—Å–ª–∞–ª–∏ –≥—Ä–∞–º–æ—Ç–Ω–æ–≥–æ —Å–ø–µ—Ü–∏–∞–ª–∏—Å—Ç–∞ –∏ –±—ã—Å—Ç—Ä–æ –æ—Ç—Ä–µ–∞–≥–∏—Ä–æ–≤–∞–ª–∏ –Ω–∞ –∑–∞—è–≤–∫—É ,1,1,0,1,0
"—Å–ø–∞—Å–∏–±–æ 
",0,0,0,1,0
–°–ø–∞—Å–∏–±–æ ,0,0,0,1,0
–†–µ—à–∏–ª–∏ –º–æ–π –≤–æ–ø—Ä–æ—Å. –°–ø–∞—Å–∏–±–æ! ,0,0,0,0,1
–û—á–µ–Ω—å —Ä–∞–¥—É–µ—Ç —Ä–∞–±–æ—Ç–∞ –£–ö. –û–ø–µ—Ä–∞—Ç–∏–≤–Ω–æ! –°–ø–∞—Å–∏–±–æ!,0,1,1,1,0
–í—Å–µ –∏—Å–ø—Ä–∞–≤–∏–ª–∏ ,0,0,0,0,1
—Å–ø–∞—Å–∏–±–æ –∑–∞ –æ–ø–µ—Ä–∞—Ç–∏–≤–Ω—É—é —Ä–∞–±–æ—Ç—É ,1,0,0,0,0
"–í—ã–ø–æ–ª–Ω–∏–ª–∏ –æ—Ç–ª–∏—á–Ω–æ , –æ–±—Ä–∞–±–æ—Ç–∫–∞ –∑–∞—è–≤–∫–∏ –±—ã–ª–∞ —Å–ª–∏—à–∫–æ–º –¥–æ—Ä–æ–≥–æ–π ",0,0,0,1,0
—Å–ø–∞—Å–∏–±–æ –±–æ–ª—å—à–æ–µ! —Ç–µ–ø–µ—Ä—å –Ω–µ —Å–∫—Ä–∏–ø—è—Ç ,0,0,0,1,0
—Å–ø–∞—Å–∏–±–æ,0,0,0,1,0
–°–ø–∞—Å–∏–±–æ!,0,0,0,1,0
–ù–æ—Ä–º,0,0,0,1,0
—Å–ø–∞—Å–∏–±–æ. –≤—Å–µ –ø—Ä–æ—à–ª–æ –æ—á–µ–Ω—å —Ö–æ—Ä–æ—à–æ,0,0,0,1,0
"–°–ø–∞—Å–∏–±–æ, –ø—Ä–∏—à–ª–∏ –≤—Å–µ –ø–æ–º–µ–Ω—è–ª–∏ –∑–∞ 10 –º–∏–Ω—É—Ç ",1,0,0,0,0
–í—Å–µ –æ—á–µ–Ω—å –æ–ø–µ—Ä–∞—Ç–∏–≤–Ω–æ ,1,0,0,0,0
–û–≥—Ä–æ–º–Ω–æ–µ —Å–ø–∞—Å–∏–±–æ.,0,0,0,1,0
–í—Å–µ –æ—Ç–ª–∏—á–Ω–æ! –°–ø–∞—Å–∏–±–æ.,0,0,0,1,0
–•–æ—Ä–æ—à–∏–π –º–∞—Å—Ç–µ—Ä,0,0,1,0,0
"–°–ø–∞—Å–∏–±–æ –∑–∞ –æ–ø–µ—Ä–∞—Ç–∏–≤–Ω–æ—Å—Ç—å! 
",1,0,0,0,0
"–≤—ã–ø–æ–ª–Ω–µ–Ω–∞

",0,0,0,1,0
"–í—Å–µ —Å—É–ø–µ—Ä, –ú–∞—Å—Ç–µ—Ä üëç",0,0,1,1,0
–ë–ª–∞–≥–æ–¥–∞—Ä—é —Ä–µ–±—è—Ç.,0,0,1,0,0
–°–ø–∞—Å–∏–±–æ –±–æ–ª—å—à–æ–µ ,0,0,0,1,0
—Å–ø–∞—Å–∏–±–æ,0,0,0,1,0
–°–ø–∞—Å–∏–±–æ!,0,0,0,1,0
"–ü—Ä–æ–±–ª–µ–º–∞ —Ä–µ—à–µ–Ω–∞, —Ä—É—á–∫–∏ –Ω–∞ –æ–∫–Ω–∞ –ø–æ—Å—Ç–∞–≤–∏–ª–∏.
–°–ø–∞—Å–∏–±–æ –∑–∞ –æ–±—Ä–∞—Ç–Ω—É—é —Å–≤—è–∑—å!",0,0,0,1,1
–ë–ª–∞–≥–æ–¥–∞—Ä—é –∑–∞ –ø—Ä–æ–¥–µ–ª–∞–Ω–Ω—É—é —Ä–∞–±–æ—Ç—É! ,0,0,0,1,0
"–Ω–∞–¥–µ—é—Å—å –∏ –ø—Ä–∏—á–∏–Ω—É —É—Å—Ç—Ä–∞–Ω–∏–ª–∏, –∞ —Ç–æ –ø–æ—Å–ª–µ –ø–µ—Ä–≤–æ–≥–æ –¥–æ–∂–¥—è –±—É–¥–µ—Ç —Ç–æ–∂–µ —Å–∞–º–æ–µ..",0,0,0,0,1
"–°–ø–∞—Å–∏–±–æ, –≤—Å—ë —á—ë—Ç–∫–æ.",0,0,0,1,0
–ë–ª–∞–≥–æ–¥–∞—Ä—é ,0,0,0,1,0
–°–ø–∞—Å–∏–±–æ –°–µ—Ä–≥–µ–π ! )))),0,0,1,0,0
"–ú–∏—Ö–∞–∏–ª –æ—Ç–ª–∏—á–Ω—ã–π –º–∞—Å—Ç–µ—Ä —Å–≤–æ–µ–≥–æ –¥–µ–ª–∞. –°–¥–µ–ª–∞–ª –±—ã—Å—Ç—Ä–æ, —á–∏—Å—Ç–æ, –¥–∞–ª —Ä–µ–∫–æ–º–µ–Ω–¥–∞—Ü–∏–∏)",0,0,1,1,0
—Ö–æ—Ç—å —á—Ç–æ —Ç–æ —Å–¥–µ–ª–∞–ª–∏ üëçüëè,0,0,0,1,0
—Å–ø–∞—Å–∏–±–æ),0,0,0,1,0
"–ø—Ä–æ—Ñ–µ—Å—Å–∏–æ–Ω–∞–ª—å–Ω–æ, –±—ã—Å—Ç—Ä–æ. –æ—á–µ–Ω—å –ø—Ä–∏—è—Ç–Ω—ã–π –º–∞—Å—Ç–µ—Ä",0,0,1,0,0
—Å–ø–∞—Å–∏–±–æ! ,0,0,0,1,0
"–°–ø–∞—Å–∏–±–æ, –≤–æ–ø—Ä–æ—Å —Ä–µ—à–∏–ª–∏, –≤—Å—ë —Å—Ç–∞–ª–æ –Ω–æ—Ä–º–∞–ª—å–Ω–æ ",0,0,0,1,1
–¢–∞—Ç—å—è–Ω–∞ –í–ª–∞–¥–∏–º–∏—Ä–æ–≤–Ω–∞ –±–æ–ª—å—à–æ–µ –≤–∞–º —Å–ø–∞—Å–∏–±–æ!!!! ,0,0,1,0,0
—Å–ø–∞—Å–∏–±–æ! ,0,0,0,1,0
"—Å–ø–∞—Å–∏–±–æ –∑–∞  –±—ã—Å—Ç—Ä—ã–π –æ—Ç–≤–µ—Ç! 


",0,1,0,0,1
–û–≥—Ä–æ–º–Ω–æ–µ —Å–ø–∞—Å–∏–±–æ –≤–∞–º –æ—Ç –≤—Å–µ–≥–æ –ø–æ–¥—ä–µ–∑–¥–∞!!!   ))))),0,0,0,1,0
—Å–ø–∞—Å–∏–±–æ!),0,0,0,1,0
—Å–ø–∞—Å–∏–±–æ ,0,0,0,1,0
–í—Å–µ –æ—Ç–ª–∏—á–Ω–æ ,0,0,0,1,0
—Å–≤–µ—Ä—à–∏–ª–æ—Å—å,0,0,0,1,0
–°–ø–∞—Å–∏–±–æ –º–∞—Å—Ç–µ—Ä—É ,0,0,1,0,0
"—Å–ø–∞—Å–∏–±–æ, –í–∞–º, —Å—Ä–µ–∞–≥–∏—Ä–æ–≤–∞–ª–∏ –æ–ø–µ—Ä–∞—Ç–∏–≤–Ω–æ/–±—ã—Å—Ç—Ä–æ, –∞ —Ç–∞–∫ –∂–µ –≤—Å—ë –≤—Ä–µ–º—è –±—ã–ª–∏ –Ω–∞ —Å–≤—è–∑–∏ü§ù",0,0,1,1,0
"–°—Ä–µ–∞–≥–∏—Ä–æ–≤–∞–ª–∏ –±—ã—Å—Ç—Ä–æ, –±–ª–∞–≥–æ–¥–∞—Ä—é ",1,0,0,0,0
–°–ø–∞—Å–∏–±–æ –∑–∞ –æ–ø–µ—Ä–∞—Ç–∏–≤–Ω–æ—Å—Ç—å!,1,0,0,0,0
–û—Ç–ª–∏—á–Ω—ã–π –º–∞—Å—Ç–µ—Ä!,0,0,1,0,0
"–°–ø–∞—Å–∏–±–æ! –ü–æ –∫—Ä–∞–π–Ω–µ–π –º–µ—Ä–µ, –ø–æ –Ω–æ—á–∞–º –ø–æ–∫–∞ —à—É–º–∞ –Ω–µ —Å–ª—ã—à–Ω–æ.",0,0,0,1,0
–ë—ã—Å—Ç—Ä–æ ,0,0,1,0,0
–°–ø–∞—Å–∏–±–æ –∑–∞ —Å–≤–æ–µ–≤—Ä–µ–º–µ–Ω–Ω–æ–µ –≤—ã–ø–æ–ª–Ω–µ–Ω–∏–µ –∑–∞—è–≤–∫–∏...,0,1,0,1,0
–≤—Å–µ —Å–¥–µ–ª–∞–ª–∏ –±—ã—Å—Ç—Ä–æ. —Å–ø–∞—Å–∏–±–æ ,1,0,0,1,0
–≤—Å—ë –æ—Ç–ª–∏—á–Ω–æ üëç,0,0,0,1,0
–°–ø–∞—Å–∏–±–æ ,0,0,0,1,0
"–ë–æ–ª—å—à–æ–µ —Å–ø–∞—Å–∏–±–æ –ê–ª–µ–∫—Å–∞–Ω–¥—Ä—É,–∑–∞ –æ–ø–µ—Ä–∞—Ç–∏–≤–Ω–æ—Å—Ç—å –∏ –ø—Ä–æ—Ñ–µ—Å—Å–∏–æ–Ω–∞–ª–∏–∑–º ",1,0,1,0,0
–±–ª–∞–≥–æ–¥–∞—Ä—é ,0,0,0,1,0
–æ–ø–µ—Ä–∞—Ç–∏–≤–Ω–æ –∏ –∫–∞—á–µ—Å—Ç–≤–µ–Ω–Ω–æ. —Å–ø–∞—Å–∏–±–æ ,1,1,0,1,0
–°–ø–∞—Å–∏–±–æ!,0,0,0,1,0
"–±–ª–∞–≥–æ–¥–∞—Ä—é, –≤—Å–µ–≥–æ –¥–æ–±—Ä–æ–≥–æ!",0,0,0,1,0
—Å–ø–∞—Å–∏–±–æ,0,0,0,1,0
–°–ø–∞—Å–∏–±–æ ,0,0,0,1,0
–°–ø–∞—Å–∏–±–æ –±–æ–ª—å—à–æ–µ! ,0,0,0,1,0
–°–ø–∞—Å–∏–±–æ!,0,0,0,1,0
–ö –º–∞—Å—Ç–µ—Ä—É –≤–æ–ø—Ä–æ—Å–æ–≤ –Ω–µ—Ç.  ,0,0,1,0,0
"–ú–∞—Å—Ç–µ—Ä –±—ã—Å—Ç—Ä–æ —Ä–µ—à–∏–ª –ø—Ä–æ–±–ª–µ–º—É!–í—Å—ë –∏—Å–ø—Ä–∞–≤–∏–ª,–æ—á–µ–Ω—å –¥–æ–≤–æ–ª—å–Ω–∞!–°–ø–∞—Å–∏–±–æ!",1,0,1,1,0
"–≤—ã—Ç—è–∂–∫–∞ –∑–∞—Ä–∞–±–æ—Ç–∞–ª–∞ - —Å–ø–∞—Å–∏–±–æ. –æ—Ç–¥–µ–ª—å–Ω–æ–µ —Å–ø–∞—Å–∏–±–æ –º–∞—Å—Ç–µ—Ä—É, –∫–æ—Ç–æ—Ä—ã–π —Å–æ–æ–±—â–∏–ª, —á—Ç–æ –Ω–µ—Ç –ø—Ä–∏—á–∏–Ω, –ø—Ä–µ–ø—è—Ç—Å—Ç–≤—É—é—â–∏—Ö –ø–æ–¥–∫–ª—é—á–µ–Ω–∏—é –≤—ã—Ç—è–∂–∫–∏ –∫ –¥–æ–º–æ–≤–æ–π –≤–µ–Ω—Ç–∏–ª—è—Ü–∏–∏ ",0,0,1,1,0
—Å–ø–∞—Å–∏–±–æ –±–æ–ª—å—à–æ–µ! –Ω–∞–¥–æ–ª–≥–æ –ª–∏üôÑ,0,0,0,1,0
–û–≥—Ä–æ–º–Ω–æ–µ —Å–ø–∞—Å–∏–±–æ! ,0,0,0,1,0
–í—Å—ë –æ—á–µ–Ω—å —á–µ—Ç–∫–æ –æ—Ä–≥–∞–Ω–∏–∑–æ–≤–∞–Ω–æ! –ë–æ–ª—å—à–æ–µ —Å–ø–∞—Å–∏–±–æ –∑–∞ —Ä–∞–±–æ—Ç—É!,0,0,0,1,0
–°–ø–∞—Å–∏–±–æ –í–∞–º –±–æ–ª—å—à–æ–µ –∏ –∑–∞ –¥–≤–µ—Ä—å –∏ –∑–∞ –Ω–æ–º–µ—Ä–∞ –∫–≤–∞—Ä—Ç–∏—Ä!,0,0,0,1,0
—Å–Ω–∏–º–∞—é –∑–≤–µ–∑–¥—É –∑–∞ –ø–µ—Ä–≤—É—é –æ—Ç–ø–∏—Å–∫—É –±–µ–∑ –≤—ã–ø–æ–ª–Ω–µ–Ω–∏—è —Ä–∞–±–æ—Ç,0,0,0,0,1
"–í –¥–µ–Ω—å —Å–æ–∑–¥–∞–Ω–∏—è –∑–∞—è–≤–∫–∏ , —Ä–∞–±–æ—á–∏–µ –æ–ø–µ—Ä–∞—Ç–∏–≤–Ω–æ –ø—Ä–∏—à–ª–∏ –∏ –≤–µ—Å—å —É–∂–∞—Å —É–±—Ä–∞–ª–∏ , –æ–≥—Ä–æ–º–Ω–∞—è –±–ª–∞–≥–æ–¥–∞—Ä–Ω–æ—Å—Ç—å ! ",1,0,1,1,0
–°–ø–∞—Å–∏–±–æ!,0,0,0,1,0
–°–ø–∞—Å–∏–±–æ! –í—Å–µ –∑–∞—Ä–∞–±–æ—Ç–∞–ª–æ ,0,1,0,1,0
"—Å–ø–∞—Å–∏–±–æ, —Ä–µ—à–∏–ª–∏ –º–æ–π –≤–æ–ø—Ä–æ—Å –Ω–∞ –º–µ—Å—Ç–µ –≤ –æ—Ñ–∏—Å–µ ",0,0,0,1,0
"–°–ø–∞—Å–∏–±–æ –±–æ–ª—å—à–µ –û–ª—å–≥–µ –ü—Ç—É—à–∫–∏–Ω–µ, –∑–∞ –ø—Ä–æ–¥–µ–ª–∞–Ω–Ω—É—é —Ä–∞–±–æ—Ç—É! ",0,0,1,0,0
–°–ø–∞—Å–∏–±–æ ,0,0,0,1,0
"–≤—Å—ë —Å–¥–µ–ª–∞–ª–∏ —Ö–æ—Ä–æ—à–æ, –ø–æ—á–∏–Ω–∏–ª–∏ –≤–æ–≤—Ä–µ–º—è. –Ω–∞–≤–µ—Ä–Ω–æ–µ, –º–æ–ª–æ–¥—Ü—ã.",0,0,0,1,0
–°–ø–∞—Å–∏–±–æ,0,0,0,1,0
–°—É–ø–µ—Ä! –°–ø–∞—Å–∏–±–æ!,0,0,0,1,0
–û—Ç–ª–∏—á–Ω–æ! –í—Å–µ –≤—ã–ø–æ–ª–Ω–∏–ª–∏ –∫–∞–∫ –∏ –æ–±–µ—â–∞–ª–∏! ,0,0,0,1,0
–û—á–µ–Ω—å –æ–ø–µ—Ä–∞—Ç–∏–≤–Ω–æ. –°–ø–∞—Å–∏–±–æ –±–æ–ª—å—à–æ–µ ,1,0,0,1,0
"–ú–∞—Å—Ç–µ—Ä –ê–Ω–¥—Ä–µ–π –ø–æ–º–æ–≥ –ø–æ–¥–æ–±—Ä–∞—Ç—å –æ–±–æ—Ä—É–¥–æ–≤–∞–Ω–∏–µ (–∫—Ä–∞–Ω—ã/–ø–µ—Ä–µ—Ö–æ–¥–Ω–∏–∫–∏) –¥–ª—è –ø–æ–¥–∫–ª—é—á–µ–Ω–∏—è, –±—ã—Å—Ç—Ä–æ –∏ –∫–∞—á–µ—Å—Ç–≤–µ–Ω–Ω–æ –ø—Ä–æ–∏–∑–≤–µ–ª –ø–æ–¥–∫–ª—é—á–µ–Ω–∏–µ —Å—Ç–∏—Ä–∞–ª—å–Ω–æ–π –º–∞—à–∏–Ω–∫–∏. –û–≥—Ä–æ–º–Ω–æ–µ –µ–º—É —Å–ø–∞—Å–∏–±–æ.",1,0,1,1,0
–°–ø–∞—Å–∏–±–æ,0,0,0,1,0
—Å–ø–∞—Å–∏–±–æ,0,0,0,1,0
–°–ø–∞—Å–∏–±–æ ,0,0,0,1,0
–£–º–µ–ª–æ –ø–æ–¥–∫—Ä—É—Ç–∏–ª–∏ —Ä–µ–¥—É–∫—Ç–æ—Ä—ã –¥–∞–≤–ª–µ–Ω–∏—è. –ú–æ–ª–æ–¥–µ—Ü!,0,0,1,1,0
"–≤—Å–µ —Ö–æ—Ä–æ—à–æ,–¥–≤–µ—Ä—å –ø—Ä–∞–∫—Ç–∏—á–µ—Å–∫–∏ –±–µ—Å—à—É–º–Ω–æ –∑–∞–∫—Ä—ã–≤–∞–µ—Ç—Å—è",0,1,0,1,0
–°–ø–∞—Å–∏–±–æ ,0,0,0,1,0
—Å–ø–∞—Å–∏–±–æ),0,0,0,1,0
"–ø—Ä–æ–±–ª–µ–º—ã –∫–∞–∫ —Ç–∞–∫–æ–≤–æ–π –Ω–µ –±—ã–ª–æ, —è –≤ –ø—Ä–æ—Ü–µ—Å—Å–µ –ø–æ–∏—Å–∫–∞ —Å—Ç—Ä–∞—Ö –∫–æ–º–ø–∞–Ω–∏–∏ –∏ –≤—Å–µ–≥–æ –ª–∏—à—å. –°–ø–∞—Å–∏–±–æ —Å–æ—Ç—Ä—É–¥–Ω–∏–∫–∞–º",0,0,1,1,0
"–±—ã—Å—Ç—Ä–æ, —á—ë—Ç–∫–æ, –±–µ–∑ –ø—Ä–æ–±–ª–µ–º. –æ–¥–Ω–æ —Å–ª–æ–≤–æ - –º–∞—Å—Ç–µ—Ä! ",1,1,1,1,0
–†–∞–±–æ—Ç–∞–µ—Ç. –°–ø–∞—Å–∏–±–æ!,0,0,0,1,0
"—Å–µ–≥–æ–¥–Ω—è –µ–∑–¥–∏–ª, –≤—Å–µ –∏—Å–ø—Ä–∞–≤–Ω–æ —Ä–∞–±–æ—Ç–∞–µ—Ç, —Å–ø–∞—Å–∏–±–æ!",0,1,0,1,0
"–°–ø–∞—Å–∏–±–æ –±–æ–ª—å—à–æ–µ, –≤—Å—ë –ø–æ–Ω—è—Ç–Ω–æ.",0,0,0,1,0
–¢–∞—Ç—å—è–Ω–∞ —Å–ø–∞—Å–∏–±–æ ‚ù§Ô∏è,0,0,1,0,0
–ù–∞ –≤–æ–ø—Ä–æ—Å –æ—Ç–≤–µ—Ç–∏–ª–∏. –ö—Ä–µ–ø–ª–µ–Ω–∏—è –Ω–µ–ª—å–∑—è –ø–æ–≤–µ—Å–∏—Ç—å –≤ –∫–æ–ª—è—Å–æ—á–Ω–æ–π,0,0,0,0,1
–ë–æ–ª—å—à–æ–µ —Å–ø–∞—Å–∏–±–æ!,0,0,0,1,0
–õ—É—á—à–∏–π ,0,0,0,1,0
—Å–ø–∞—Å–∏–±–æ –∑–∞ –æ–ø–µ—Ä–∞—Ç–∏–≤–Ω–æ—Å—Ç—å ,0,0,0,1,0
—Å–ø–∞—Å–∏–±–æ ,0,0,0,1,0
—Å–ø–∞—Å–∏–±–æ –∑–∞ —Ç–æ —á—Ç–æ –±—ã—Å—Ç—Ä–æ –æ—Ç—Ä–µ–∞–≥–∏—Ä–æ–≤–∞–ª–∏,1,0,0,0,0
"–°–µ—Ä–≤–∏—Å –Ω–∞ –≤—ã—Å–æ—Ç–µ, –º–∞—Å—Ç–µ—Ä - –ø—Ä–æ—Ñ–µ—Å—Å–∏–æ–Ω–∞–ª",0,1,1,0,0
—Å–ø–∞—Å–∏–±–æ,0,0,0,1,0
—Å–ø–∞—Å–∏–±–æ –±–æ–ª—å—à–æ–µ,0,0,0,1,0
–æ–∫ ,0,0,0,1,0
–ù–∞–¥–æ–ª–≥–æ –ª–∏(,0,0,0,0,1
–ù–∞–¥–æ–ª–≥–æ –ª–∏(,0,0,0,0,1
–°–ø–∞—Å–∏–±–æ. –í—Å–µ —Ä–∞–±–æ—Ç–∞–µ—Ç,0,0,0,1,0
–°–ø–∞—Å–∏–±–æ –±–æ–ª—å—à–æ–µ!,0,0,0,1,0
–°–ø–∞—Å–∏–±–æ!,0,0,0,1,0
"–∑–∞—è–≤–∫–∞ –≤—ã–ø–æ–ª–Ω–µ–Ω–∞, —Å–ø–∞—Å–∏–±–æ.",0,0,0,1,0
–î–≤–µ—Ä—å –∑–∞–∫—Ä—ã–≤–∞–µ—Ç—Å—è –Ω–∞–º–Ω–æ–≥–æ –ª—É—á—à–µ.,0,1,0,1,0
–°–ø–∞—Å–∏–±–æ –∑–∞ –±—ã—Å—Ç—Ä–æ–µ —Ä–µ–∞–≥–∏—Ä–æ–≤–∞–Ω–∏–µ!!!,1,0,0,0,0
"–û–ø–µ—Ä–∞—Ç–∏–≤–Ω–æ —Å—Ä–∞–±–æ—Ç–∞–ª–∏, –±–ª–∞–≥–æ–¥–∞—Ä—é.",1,0,0,1,0
—Å–ø–∞—Å–∏–±–æ –±–æ–ª—å—à–æ–µ,0,0,0,1,0
"–°–ø–∞—Å–∏–±–æ —Å–∞–Ω—Ç–µ—Ö–Ω–∏–∫—É –ê–ª–µ–∫—Å–µ—é, –≤—Å–µ —Å–¥–µ–ª–∞–Ω–æ –∫–∞—á–µ—Å—Ç–≤–µ–Ω–Ω–æ ",0,1,1,0,0
"–û–≥—Ä–æ–º–Ω–æ–µ —á–µ–ª–æ–≤–µ—á–µ—Å–∫–æ–µ —Å–ø–∞—Å–∏–±–æ –∑–∞ –æ–ø–µ—Ä–∞—Ç–∏–≤–Ω–æ—Å—Ç—å –≤—ã–ø–æ–ª–Ω–µ–Ω–∏—è —Ä–∞–±–æ—Ç—ã –Ω–∞—à–µ–º—É –¥–µ–∂—É—Ä–Ω–æ–º—É —Å–∞–Ω—Ç–µ—Ö–Ω–∏–∫—É, –ø—Ä–∏–±—ã–≤—à–µ–º—É –≤ –≤–æ—Å–∫—Ä–µ—Å–µ–Ω—å–µ —á–µ—Ä–µ–∑ 20 –º–∏–Ω—É—Ç –ø–æ—Å–ª–µ –Ω–∞–ø–∏—Å–∞–Ω–∏—è –∑–∞—è–≤–∫–∏! –í—Å–µ —Ä–µ—à–∏–ª–æ—Å—å –Ω–∞–∏–ª—É—á—à–∏–º –æ–±—Ä–∞–∑–æ–º! –í–æ—Ç —Ç–∞–∫ –±—ã –≤—Å–µ –≤–æ–ø—Ä–æ—Å—ã –æ–ø–µ—Ä–∞—Ç–∏–≤–Ω–æ —Ä–µ—à–∞–ª–∏—Å—å!!!",1,1,1,1,0
–û—á–µ–Ω—å –æ–ø–µ—Ä–∞—Ç–∏–≤–Ω–æ –∏ –Ω–∏–∫—É–¥–∞ –Ω–µ –ø—Ä–∏—à–ª–æ—Å—å —Ö–æ–¥–∏—Ç—å.,1,0,0,1,0
–ü—Ä–æ–±–ª–µ–º–∞ —Ä–µ—à–µ–Ω–∞.,0,0,0,1,0
–û—á–µ–Ω—å –æ–ø–µ—Ä–∞—Ç–∏–≤–Ω–æ –æ—Ç—Ä–µ–∞–≥–∏—Ä–æ–≤–∞–ª–∏! –°–ø–∞—Å–∏–±–æ!,1,0,0,1,0
"–æ–ø–µ—Ä–∞—Ç–∏–≤–Ω–æ, –∫–∞—á–µ—Å—Ç–≤–µ–Ω–Ω–æ, –≤–æ–ø—Ä–æ—Å–æ–≤ –Ω–µ –≤–æ–∑–Ω–∏–∫–ª–æ. –°–ø–∞—Å–∏–±–æ.",1,1,0,1,0
–ë—ã—Å—Ç—Ä–æ!,1,0,0,0,0
–ë–ª–∞–≥–æ–¥–∞—Ä—é –∑–∞ –æ–ø–µ—Ä–∞—Ç–∏–≤–Ω–æ—Å—Ç—å!,1,0,0,0,0
—Å–ø–∞—Å–∏–±–æ –∑–∞ –æ–ø–µ—Ä–∞—Ç–∏–≤–Ω–æ–µ —Ä–µ—à–µ–Ω–∏–µ –ø—Ä–æ–±–ª–µ–º—ã. ,0,0,0,0,1
–û–ø–µ—Ä–∞—Ç–∏–≤–Ω–∞—è —Ä–∞–±–æ—Ç–∞,1,0,0,0,0
"–æ–ø–µ—Ä–∞—Ç–∏–≤–Ω–æ–µ —Ä–µ—à–µ–Ω–∏–µ –ø—Ä–æ–±–ª–µ–º—ã! 
",1,0,0,0,0
–ü–µ—Ä–≤—ã–π —Ä–∞–∑ –≤—ã —Ä–µ—à–∏–ª–∏ –≤–æ–ø—Ä–æ—Å –±—ã—Å—Ç—Ä–æ ,1,0,0,0,0
–ù–∞–¥–æ–ª–≥–æ –ª–∏,0,0,0,0,1
–æ—Ç–ª–∏—á–Ω–æ —Å–ø–∞—Å–∏–±–æ ,0,0,0,1,0
"—Å–ø–∞—Å–∏–±–æ –±–æ–ª—å—à–æ–µ, –¢–∞—Ç—å—è–Ω–∞.",0,0,1,0,0
—Å–ø–∞—Å–∏–±–æ ,0,0,0,1,0
–õ—É—á—à–∏–π –º–∞—Å—Ç–µ—Ä –Ω–∞ —Å–≤–µ—Ç–µ ü•∞–°–ø–∞—Å–∏–±–æ –±–æ–ª—å—à–æ–µ üôè,0,0,1,0,0
"–°–ø–∞—Å–∏–±–æ –±–æ–ª—å—à–æ–µ, —á—Ç–æ –ø–æ—á–∏–Ω–∏–ª–∏ –¥–æ–º–æ—Ñ–æ–Ω. ",0,0,0,1,0
–û—Ç–ª–∏—á–Ω–∞—è —Ä–∞–±–æ—Ç–∞,0,0,0,1,0
–°–ø–∞—Å–∏–±–æ –æ–≥—Ä–æ–º–Ω–æ–µ –∑–∞ –ø–æ–º–æ—â—å!,0,0,0,1,0
"–æ–±—ã—á–Ω–∞—è —É—Å–ª—É–≥–∞. –¶–µ–Ω–∞, –ø—Ä–∞–≤–¥–∞, –∑–∞–≤—ã—à–µ–Ω–∞ (–∑–∞ –æ–∫–æ–ª–æ 10—Ç–∏ –º–∏–Ω—É—Ç —Ä–∞–±–æ—Ç—ã). ",0,0,0,0,1
–æ—Ç–ª–∏—á–Ω–∞—è —Ä–∞–±–æ—Ç–∞. —Ç–µ–ø–µ—Ä—å –¥–≤–µ—Ä—å –∑–∞–∫—Ä—ã–≤–∞–µ—Ç—Å—è –ø–ª–∞–≤–Ω–æ. —Å–ø–∞—Å–∏–±–æ. ,0,1,0,1,0
